id;prenom;nom;email;password;telephone;date_de_naissance;sexe;cin
1;Dakota monitoring;SCSI Account;Madelyn.Von6@yahoo.com;multi-tasking;1-983-485-7427;2022-02-12T22:30:26;FEMALE;Forward
2;Avon Cross-platform Avon;e-enable mobile;Conor_Green@yahoo.com;Thailand;(550) 664-3642 x572;2022-02-12T14:05:04;FEMALE;infomediaries primary hack
3;Dynamic Configuration programming;copying Credit;Jay_Zboncak3@hotmail.com;24/7 primary Incredible;639-468-9598 x4393;2022-02-12T21:44:03;MALE;Tasty reboot
4;extranet;Vanuatu;Deven.Zemlak@gmail.com;PNG connect;1-767-741-6236;2022-02-12T14:57:14;MALE;Forward Chicken
5;Berkshire moderator;mobile Tasty;Name_Runolfsson@yahoo.com;Borders;(968) 355-5458 x4397;2022-02-12T07:42:03;FEMALE;models Integrated Prairie
6;Fantastic quantify;panel mesh;Ebony.Kris@yahoo.com;Card Supervisor Plastic;1-206-205-0670 x97255;2022-02-12T11:22:11;MALE;Sports Berkshire
7;IB;Account;Kory.Dietrich19@gmail.com;generating Integration;1-620-457-3874;2022-02-12T10:44:30;MALE;Secured open-source
8;black Djibouti markets;virtual;Desiree_Carter92@hotmail.com;Concrete exploit;1-481-705-7275 x797;2022-02-12T23:36:00;MALE;Illinois generating
9;Causeway heuristic granular;Hong Berkshire;Arno65@yahoo.com;Soft Orchard;1-590-847-0495;2022-02-12T05:54:31;MALE;Integration transmitting
10;area;Bedfordshire;Felicita38@yahoo.com;Human;1-479-821-9690 x4813;2022-02-12T08:10:49;FEMALE;Customizable
